SRR522081	hESC	cell1_hESC	ftp.sra.ebi.ac.uk/vol1/fastq/SRR522/SRR522081/SRR522081.fastq.gz
SRR522082	hESC	cell2_hESC	ftp.sra.ebi.ac.uk/vol1/fastq/SRR522/SRR522082/SRR522082.fastq.gz
SRR522083	hESC	cell3_hESC	ftp.sra.ebi.ac.uk/vol1/fastq/SRR522/SRR522083/SRR522083.fastq.gz
SRR522084	hESC	cell4_hESC	ftp.sra.ebi.ac.uk/vol1/fastq/SRR522/SRR522084/SRR522084.fastq.gz
SRR522085	hESC	cell5_hESC	ftp.sra.ebi.ac.uk/vol1/fastq/SRR522/SRR522085/SRR522085.fastq.gz
SRR522086	hESC	cell6_hESC	ftp.sra.ebi.ac.uk/vol1/fastq/SRR522/SRR522086/SRR522086.fastq.gz
SRR522087	hESC	cell7_hESC	ftp.sra.ebi.ac.uk/vol1/fastq/SRR522/SRR522087/SRR522087.fastq.gz
SRR522088	hESC	cell8_hESC	ftp.sra.ebi.ac.uk/vol1/fastq/SRR522/SRR522088/SRR522088.fastq.gz
SRR522089	LNCaP	LNCaP s_1_1c	ftp.sra.ebi.ac.uk/vol1/fastq/SRR522/SRR522089/SRR522089.fastq.gz
SRR522090	LNCaP	LNCaP s_2_1c	ftp.sra.ebi.ac.uk/vol1/fastq/SRR522/SRR522090/SRR522090.fastq.gz
SRR522091	LNCaP	LNCaP s1_HCT20627-Lncap-14	ftp.sra.ebi.ac.uk/vol1/fastq/SRR522/SRR522091/SRR522091.fastq.gz
SRR522092	LNCaP	LNCaP s7_HCT20633-Lncap-15	ftp.sra.ebi.ac.uk/vol1/fastq/SRR522/SRR522092/SRR522092.fastq.gz
SRR522093	LNCaP	LNCaP s8_HCT20634-Lncap-15	ftp.sra.ebi.ac.uk/vol1/fastq/SRR522/SRR522093/SRR522093.fastq.gz
SRR522094	LNCaP	LNCaP s2_HCT20628-Lncap-14	ftp.sra.ebi.ac.uk/vol1/fastq/SRR522/SRR522094/SRR522094.fastq.gz
SRR522095	LNCaP	LNCaP s_1_HCT20876_3c	ftp.sra.ebi.ac.uk/vol1/fastq/SRR522/SRR522095/SRR522095.fastq.gz
SRR522096	LNCaP	LNCaP s_2_HCT20877_3c	ftp.sra.ebi.ac.uk/vol1/fastq/SRR522/SRR522096/SRR522096.fastq.gz
SRR522097	LNCaP	LNCaP s_3_5c	ftp.sra.ebi.ac.uk/vol1/fastq/SRR522/SRR522097/SRR522097.fastq.gz
SRR522098	LNCaP	LNCaP s_3_HCT20878_5c	ftp.sra.ebi.ac.uk/vol1/fastq/SRR522/SRR522098/SRR522098.fastq.gz
SRR522099	LNCaP	LNCaP s_4_5c	ftp.sra.ebi.ac.uk/vol1/fastq/SRR522/SRR522099/SRR522099.fastq.gz
SRR522100	LNCaP	LNCaP s_4_HCT20880_10c	ftp.sra.ebi.ac.uk/vol1/fastq/SRR522/SRR522100/SRR522100.fastq.gz
SRR522101	LNCaP	LNCaP s_5_10c	ftp.sra.ebi.ac.uk/vol1/fastq/SRR522/SRR522101/SRR522101.fastq.gz
SRR522102	LNCaP	LNCaP s_5_HCT20881_10c	ftp.sra.ebi.ac.uk/vol1/fastq/SRR522/SRR522102/SRR522102.fastq.gz
SRR522103	LNCaP	LNCaP s_6_10c	ftp.sra.ebi.ac.uk/vol1/fastq/SRR522/SRR522103/SRR522103.fastq.gz
SRR522104	LNCaP	LNCaP s_6_HCT20882_25c	ftp.sra.ebi.ac.uk/vol1/fastq/SRR522/SRR522104/SRR522104.fastq.gz
SRR522105	LNCaP	LNCaP s_7_25c	ftp.sra.ebi.ac.uk/vol1/fastq/SRR522/SRR522105/SRR522105.fastq.gz
SRR522106	LNCaP	LNCaP s_7_HCT20883_25c	ftp.sra.ebi.ac.uk/vol1/fastq/SRR522/SRR522106/SRR522106.fastq.gz
SRR522107	LNCaP	LNCaP s_8_25c	ftp.sra.ebi.ac.uk/vol1/fastq/SRR522/SRR522107/SRR522107.fastq.gz
